Word,Frequency
Устриці,1
наука,4
технології,1
допомагають,1
молюскам,1
Як,5
здолати,1
прокрастинацію,1
Наука,5
підкаже,1
догляду,1
за,2
шкірою,1
ухода,1
кожей,1
пояснює,1
закоханість,1
та,2
вірність,1
Как,1
объясняет,1
влюбленность,1
верность,1
Новий,1
урок,1
англійської,1
Lingohack,1
співу,1
звуки,1
будинку,1
чи,1
офісі,1
впливають,1
на,5
ваш,1
настрій,1
техніка,1
Україні,1
підсумки,1
року,1
техника,1
Украине,1
итоги,1
года,1
Що,1
BBC,2
робить,1
для,3
того,1
щоб,2
зміцнити,1
прозорість,1
довіру,1
до,1
новин,1
інтернеті,1
Чотириденний,1
робочий,1
тиждень,1
``,6
підвищив,1
продуктивність,1
'',4
Microsoft,1
Пранкер,1
Джокер,1
хто,1
як,2
розводить,1
депутатів,2
Зеленського,2
смартфоні,1
News,1
запустила,1
версію,1
сайту,1
даркнету,1
Навіщо,2
Швейцарія,1
Донбасі,1
інші,1
заяви,1
інтерв,1
Теслі,1
Померла,1
єнотиха,1
Пампкін,1
якої,1
було,1
"1,4",1
мільойна,1
підписників,1
Instagram,1
Слуга,1
народу,1
йде,1
Раду,1
Інтернет-партія,1
онлайн-відгуками,1
про,2
кандидатів,1
зробити,1
так,1
вашу,1
переписку,1
не,2
підгледіли,1
Інструкція,1
тільки,1
Росії,1
схвалили,1
законопроект,1
суверенний,1
інтернет,1
що,1
це,1
означає,1
Відео,1
англійським,1
коровам,1
5G-інтернет,1
Перший,2
жіночий,1
екіпаж,1
вийшов,1
відкритий,2
космос,6
Помер,1
Олексій,1
Леонов,1
перша,1
людина,1
світі,1
яка,2
вийшла,1
Влад,1
Сорд,1
або,1
Інший,1
бік,1
українсько-російської,1
битви,1
Ракета,1
возитиме,1
туристів,1
вихід,1
повністю,1
жіночої,1
команди,1
зірвався,1
Не,1
знайшлося,1
скафандра,1
Космос,2
галерея,2
мистецтва,1
арт-об'єкти,1
орбіті,1
Землі,1
Якою,1
роль,1
Олександра,1
Дубінського,1
Раді,1
Огляд,1
ЗМ,1
как,1
искусства,1
арт-объекты,1
орбите,1
Земли,1
Мільярди,1
скільки,1
витрачає,1
Україна,1
світ,1
українці,1
підкорили,1
